student_code,full_name,email,dob,gender,phone_number,password,additional_token
HS260001,Nguyễn Tuyết Ly,,2009-04-05,FEMALE,,,10000
HS260002,Phan Đức Trung,,2008-09-07,MALE,,,0
HS260003,Nguyễn Ngọc Thảo,,2010-05-05,FEMALE,,StudentPass@489,5000
HS260004,Dương Thanh Duyên,,2011-02-18,FEMALE,,,0
HS260005,Trần Diệu Huyền,,2010-02-28,FEMALE,0978606962,,0
HS260006,Võ Tiến Đạt,,2009-09-24,MALE,,,0
HS260007,Bùi Trọng Dũng,,2009-01-26,MALE,0946279418,,0
HS260008,Hoàng Đức Tùng,,2010-12-19,MALE,,,0
HS260009,Lê Trọng Dũng,,2008-03-21,MALE,,,0
HS260010,Đoàn Thị Duyên,duyen.doan201065@gmail.com,2010-11-11,FEMALE,0905418934,,0
HS260011,Đặng Diệu Trinh,,2009-03-12,FEMALE,,,0
HS260012,Lý Thị Duyên,duyen.ly201082@gmail.com,2010-05-08,FEMALE,,StudentPass@597,0
HS260013,Hoàng Diệu Tiên,,2009-05-17,FEMALE,,,0
HS260014,Hồ Diệu Nhung,nhung.ho201138@gmail.com,2011-09-15,FEMALE,0904860684,,1000
HS260015,Trần Tuấn Đạt,,2009-05-22,MALE,,,0
HS260016,Lý Trọng Tâm,,2009-02-04,MALE,0868835373,,1000
HS260017,Bùi Trọng Hải,,2009-04-07,MALE,0935673212,,0
HS260018,Đoàn Minh Dũng,,2008-02-25,MALE,0889075854,,0
HS260019,Nguyễn Hữu Nam,,2011-05-14,MALE,,,0
HS260020,Đặng Đức Dũng,dung.dang200884@gmail.com,2008-12-11,MALE,,,0
HS260021,Lê Ngọc Chi,,2008-11-28,FEMALE,0325130808,,1000
HS260022,Lâm Thanh Nga,,2010-04-22,FEMALE,0863195773,,0
HS260023,Lê Thị Thủy,,2008-02-18,FEMALE,0982154126,,0
HS260024,Đoàn Tiến Phát,,2008-11-27,MALE,,StudentPass@999,1000
HS260025,Hoàng Khánh Mai,,2009-12-11,FEMALE,,,0
HS260026,Ngô Quang Cường,cuong.ngo200843@gmail.com,2008-06-25,MALE,0888175395,,2000
HS260027,Đỗ Quốc Tùng,tung.do200956@gmail.com,2009-07-05,MALE,,,0
HS260028,Vũ Anh Hải,,2010-09-28,MALE,,,0
HS260029,Huỳnh Thùy Ánh,,2009-12-11,FEMALE,,,0
HS260030,Phạm Hữu Cường,,2011-04-07,MALE,,,0
HS260031,Phan Hữu Phúc,,2010-02-25,MALE,,,0
HS260032,Nguyễn Minh Nam,nam.nguyen200986@gmail.com,2009-10-09,MALE,,,0
HS260033,Lâm Đức Nam,nam.lam200878@gmail.com,2008-12-14,MALE,,,0
HS260034,Lê Anh Phúc,phuc.le201048@gmail.com,2010-11-28,MALE,,,0
HS260035,Phan Thùy Oanh,,2009-10-19,FEMALE,,StudentPass@393,0
HS260036,Dương Anh Kiên,,2011-12-06,MALE,0356623525,StudentPass@869,0
HS260037,Phan Hoàng Bảo,,2008-04-16,MALE,,,0
HS260038,Hồ Quỳnh Phương,,2009-03-21,FEMALE,,,0
HS260039,Đào Đình Dũng,dung.dao200969@gmail.com,2009-02-15,MALE,,,0
HS260040,Đào Thùy Vân,,2011-03-24,FEMALE,,,0
HS260041,Đào Quỳnh Lan,,2010-08-03,FEMALE,0986363836,,2000
HS260042,Hoàng Tiến Kiên,,2008-07-14,MALE,,StudentPass@952,0
HS260043,Lâm Thùy Tiên,,2008-06-10,FEMALE,,,0
HS260044,Vũ Quỳnh Huyền,huyen.vu201053@gmail.com,2010-07-16,FEMALE,,,0
HS260045,Đoàn Thị Phương,,2008-02-21,FEMALE,,,0
HS260046,Bùi Tuấn Sơn,,2010-07-09,MALE,,,5000
HS260047,Trần Thị Lan,,2009-01-20,FEMALE,0352919136,,0
HS260048,Huỳnh Kim Yến,yen.huynh200813@gmail.com,2008-03-10,FEMALE,,,0
HS260049,Phan Minh Vinh,,2009-02-23,MALE,,,1000
HS260050,Đỗ Mai Trinh,,2010-01-28,FEMALE,,,0
,Ngô Ngọc Trúc,,2010-10-26,FEMALE,,,0
,Vũ Minh Nghĩa,,2011-04-25,MALE,,,5000
,Đỗ Trọng Nam,,2010-05-20,MALE,0909667566,,10000
,Vũ Tuyết Tiên,tien.vu201147@gmail.com,2011-08-26,FEMALE,0385081983,,0
,Đỗ Thùy Vân,,2010-06-23,FEMALE,0943024269,,0
,Huỳnh Phương Hương,,2011-05-24,FEMALE,,,0
,Đỗ Hoàng Phát,phat.do200815@gmail.com,2008-12-18,MALE,,,0
,Lý Mai Anh,,2010-08-16,FEMALE,0905235884,,0
,Lê Quốc Dũng,,2009-03-26,MALE,0942987287,,0
,Hồ Quỳnh Thu,,2010-10-14,FEMALE,,,0
,Võ Diệu Diệp,,2009-04-06,FEMALE,0868558197,,0
,Đặng Tiến Tiến,,2008-11-08,MALE,,,0
,Đoàn Đức Hưng,hung.doan201049@gmail.com,2010-03-03,MALE,,,0
,Đặng Tiến Tài,,2010-09-18,MALE,0908248238,,0
,Lâm Quốc Bảo,,2010-10-02,MALE,0898419378,,10000
,Lý Thu Quỳnh,quynh.ly201030@gmail.com,2010-06-22,FEMALE,0389312590,,0
,Lê Tuấn Nam,,2010-02-25,MALE,,,0
,Trần Đức Tú,,2010-10-25,MALE,,StudentPass@373,0
,Lý Minh Bảo,,2009-12-06,MALE,0862563790,,0
,Phạm Anh Hưng,,2011-12-10,MALE,0799094999,,0
,Phan Quốc Trung,,2009-02-09,MALE,,,0
,Đặng Tuyết My,,2011-03-15,FEMALE,0897328534,,0
,Vũ Kim Oanh,,2009-07-02,FEMALE,,,0
,Trần Hoàng Trung,,2010-02-28,MALE,0881257489,,0
,Võ Tuấn Tài,,2008-06-28,MALE,,,0
,Trần Kim Chi,,2009-11-22,FEMALE,,,0
,Phạm Quỳnh Hạnh,,2010-01-02,FEMALE,0987288789,,0
,Huỳnh Ngọc Hiền,,2008-10-28,FEMALE,,,0
,Võ Đình Nam,,2008-08-10,MALE,0886797629,,0
,Dương Khánh Hoa,,2011-08-04,FEMALE,,,0
,Hồ Quang An,,2008-10-24,MALE,,,0
,Phan Quốc Nam,,2009-11-04,MALE,,,0
,Lê Khánh Nga,nga.le201179@gmail.com,2011-03-07,FEMALE,,,0
,Võ Quỳnh Mai,,2010-02-15,FEMALE,0947667458,,0
,Hồ Văn Nam,,2008-08-12,MALE,,,0
,Vũ Đình Bảo,,2010-10-08,MALE,,,0
,Trần Văn Phát,,2011-02-04,MALE,,,0
,Hoàng Hữu Hải,,2011-10-14,MALE,0387216461,,0
,Phạm Diệu Nhung,,2010-01-13,FEMALE,,,0
,Nguyễn Thị Ngân,,2009-03-26,FEMALE,0704475523,,0
,Hoàng Trọng An,,2010-03-05,MALE,,StudentPass@987,1000
,Vũ Kim Nga,nga.vu200863@gmail.com,2008-03-09,FEMALE,,,0
,Phạm Đình Trung,,2009-10-02,MALE,,,0
,Lý Hữu Thắng,,2008-08-23,MALE,0916404139,,5000
,Hồ Kim Trúc,,2010-08-17,FEMALE,0382919549,,0
,Phan Thùy Thu,,2009-07-11,FEMALE,0382595275,,0
,Hoàng Anh Toàn,toan.hoang200865@gmail.com,2008-02-27,MALE,0387251976,,0
,Phạm Thùy Ngọc,,2011-12-02,FEMALE,,,0
,Lý Đức Hải,hai.ly201045@gmail.com,2010-09-12,MALE,,,0
,Võ Văn Khang,,2010-12-25,MALE,0904043480,,0
,Nguyễn Minh Tú,,2009-07-14,MALE,0976442241,,0
,Hoàng Ngọc Châu,,2008-05-15,FEMALE,,,0
,Ngô Minh Nhân,,2011-09-22,MALE,0321919088,StudentPass@408,0
,Đặng Thu Duyên,,2008-08-24,FEMALE,0894860617,,0
,Trần Hữu Bảo,,2011-02-28,MALE,,,0
,Nguyễn Tuấn Huy,huy.nguyen201123@gmail.com,2011-12-12,MALE,0327718433,,0
,Vũ Thu Hạnh,hanh.vu200875@gmail.com,2008-09-21,FEMALE,0706861544,,0
,Hoàng Quang Khoa,,2009-10-05,MALE,,,0
,Lâm Trọng Vinh,,2011-11-19,MALE,,,0
,Lê Đình Thịnh,thinh.le201074@gmail.com,2010-05-19,MALE,0888581856,StudentPass@477,0
,Lê Kim Yến,,2011-08-19,FEMALE,,,0
,Lý Hải Hưng,,2008-08-04,MALE,,,2000
,Dương Đình Tú,,2009-06-12,MALE,0706676858,,5000
,Đoàn Anh Sơn,,2010-05-24,MALE,,,1000
,Đặng Diệu Phương,,2009-10-23,FEMALE,0866510922,,0
,Ngô Hải Sang,,2008-06-10,MALE,0709158272,,0
,Phạm Hải Tuấn,,2008-11-11,MALE,,,2000
,Trần Thùy Nhung,,2009-08-20,FEMALE,,,0
,Lý Phương Nhung,,2011-08-25,FEMALE,0898023963,,0
,Trần Diệu Tiên,,2010-09-04,FEMALE,,StudentPass@185,0
,Đào Hoàng Thắng,,2008-04-27,MALE,0907960815,StudentPass@614,0
,Đỗ Phương Ánh,,2010-02-27,FEMALE,0933308538,StudentPass@949,0
,Lý Quỳnh Anh,,2008-01-09,FEMALE,0389854536,,0
,Trần Đức Tâm,,2011-02-04,MALE,,,0
,Đặng Thùy Anh,,2010-04-19,FEMALE,,StudentPass@469,1000
,Trần Diệu Oanh,oanh.tran201018@gmail.com,2010-05-24,FEMALE,0382739191,,0
,Đỗ Hải Phúc,,2009-11-15,MALE,,,10000
,Trần Trọng Khoa,,2008-06-10,MALE,,,0
,Trần Anh Phúc,,2010-02-26,MALE,,,0
,Huỳnh Đình Trí,,2010-09-09,MALE,,StudentPass@716,0
,Bùi Mai Diệp,,2010-11-10,FEMALE,,,0
,Đỗ Quốc Thắng,,2010-11-26,MALE,0357815076,,0
,Hoàng Kim Thu,,2008-03-03,FEMALE,,,0
,Dương Thu Nhung,nhung.duong201156@gmail.com,2011-02-19,FEMALE,0355675638,,2000
,Đoàn Minh Nam,,2010-12-15,MALE,,,0
,Lê Đình Khang,,2011-02-26,MALE,,,0
,Đặng Khánh Hạnh,,2009-06-17,FEMALE,,,0
,Đoàn Quốc Sang,,2011-09-05,MALE,0977680015,,0
,Ngô Quốc Đạt,dat.ngo200969@gmail.com,2009-06-21,MALE,,,0
,Huỳnh Ngọc Thảo,,2008-02-17,FEMALE,0984782763,,0
,Võ Phương Vân,,2010-03-21,FEMALE,,,2000
,Bùi Kim Bích,,2008-02-02,FEMALE,,,0
,Nguyễn Quỳnh Uyên,,2010-11-10,FEMALE,,,0
,Huỳnh Quỳnh Quỳnh,,2011-08-07,FEMALE,0796357240,,0
,Đỗ Hải Tùng,,2008-06-08,MALE,0943363534,StudentPass@397,0
,Huỳnh Tuấn Việt,,2010-04-25,MALE,,,0
,Hồ Hải Tiến,,2009-04-19,MALE,0888895137,,1000
,Võ Tiến Sang,,2011-06-02,MALE,,,0
,Dương Trọng Tùng,,2010-10-22,MALE,0917608607,,0
,Hoàng Phương Yến,yen.hoang201127@gmail.com,2011-09-02,FEMALE,,,0
,Đào Ngọc Nga,,2010-03-13,FEMALE,,,0
,Lâm Khánh Tiên,,2008-06-11,FEMALE,,,0
,Võ Diệu Xuân,,2009-12-02,FEMALE,0357378535,StudentPass@797,0
,Dương Tuấn Tâm,,2009-07-23,MALE,,,0
,Đào Phương Vân,,2010-11-16,FEMALE,0938711874,,0
,Võ Kim Tiên,,2009-04-09,FEMALE,0975848684,,0
,Đỗ Hải Nghĩa,,2010-02-19,MALE,0866790398,,0
,Lê Tuấn Thịnh,,2010-12-16,MALE,,,0
,Lâm Đức Minh,,2008-11-17,MALE,0917934046,,0
,Đoàn Hoàng Tâm,,2011-08-21,MALE,,,0
,Vũ Thanh Bích,,2009-07-27,FEMALE,,,0
,Đặng Văn An,an.dang201052@gmail.com,2010-10-20,MALE,0359796605,,0
,Phan Trọng Hiếu,,2010-03-24,MALE,0931236293,,0
,Hồ Hữu Trung,,2010-02-13,MALE,0939010350,,0
,Dương Trọng Nghĩa,,2010-05-19,MALE,0357032283,,1000
,Hồ Anh Trung,,2010-12-04,MALE,,,0
,Dương Tiến Sang,,2011-12-18,MALE,,,0
,Lê Thanh Thu,thu.le201080@gmail.com,2010-02-19,FEMALE,,,0
,Đào Đình Hiếu,,2009-12-19,MALE,,,2000
,Lâm Văn Tùng,,2011-11-26,MALE,0971050591,,0
,Lê Hải Dũng,,2008-08-02,MALE,0938052503,,0
,Hồ Thùy Diệp,,2009-11-28,FEMALE,0897594429,,0
,Nguyễn Khánh Thủy,,2011-09-13,FEMALE,0983602504,,0
,Ngô Quốc Bảo,bao.ngo200914@gmail.com,2009-04-03,MALE,,,0
,Hồ Quỳnh Huyền,,2009-01-05,FEMALE,0796350316,,0
,Hoàng Anh Tú,,2009-07-10,MALE,,,0
,Ngô Thanh Trang,,2008-06-21,FEMALE,,,0
,Huỳnh Trọng Tuấn,,2011-04-28,MALE,,StudentPass@574,0
,Ngô Hải Tú,,2009-07-08,MALE,0918546170,,2000
,Trần Minh Khoa,,2009-08-07,MALE,0904553544,,0
,Lý Phương Yến,,2009-07-08,FEMALE,,,0
,Đỗ Hải Trí,,2011-02-26,MALE,,,0
,Trần Quốc Long,,2009-01-09,MALE,,,0
,Hồ Quốc Minh,,2011-09-21,MALE,0709197701,,0
,Đỗ Hoàng Hoàng,,2011-03-18,MALE,,,0
,Trần Thị Quỳnh,quynh.tran200929@gmail.com,2009-11-08,FEMALE,0898650572,,0
,Nguyễn Thị Uyên,,2011-01-01,FEMALE,0971287605,,0
,Huỳnh Mai Dung,,2009-04-07,FEMALE,0985484964,,10000
,Vũ Khánh Diệp,,2008-02-13,FEMALE,,StudentPass@109,0
,Ngô Anh Phúc,,2008-09-02,MALE,,,0
,Lê Anh Nghĩa,,2008-03-28,MALE,,,0
,Đặng Ngọc Vy,,2009-10-27,FEMALE,,,0
,Lê Thanh Ngọc,,2008-02-14,FEMALE,0327655572,,0
,Dương Quỳnh Huyền,,2010-09-13,FEMALE,,,5000
,Lê Khánh Hà,,2011-12-26,FEMALE,,,1000
,Võ Minh Hoàng,,2008-03-14,MALE,,,5000
,Bùi Hữu An,,2010-07-13,MALE,,,0
,Huỳnh Diệu Oanh,,2009-03-09,FEMALE,,StudentPass@545,0
,Lê Tuấn Nam,,2009-12-21,MALE,,,1000
,Hồ Trọng Phúc,,2011-06-14,MALE,,,5000
,Huỳnh Hữu Phong,,2010-12-23,MALE,,,0
,Hồ Thu Duyên,,2009-10-18,FEMALE,,StudentPass@844,0
,Đặng Tiến Đạt,dat.dang201148@gmail.com,2011-11-16,MALE,0353586094,,0
,Lý Quốc Tài,,2011-09-02,MALE,0702425760,StudentPass@354,0
,Trần Quốc Tài,tai.tran201043@gmail.com,2010-07-04,MALE,0389703982,,0
,Hồ Đình Vinh,,2009-06-01,MALE,0912947320,,0
,Dương Trọng Kiên,kien.duong201199@gmail.com,2011-06-16,MALE,,StudentPass@145,0
,Bùi Anh Hải,,2009-12-08,MALE,,,0
,Hồ Anh Khang,,2009-11-22,MALE,0324310554,,0
,Phan Khánh Chi,,2008-09-06,FEMALE,0915401559,,0
,Hồ Kim Duyên,,2010-06-28,FEMALE,0355990296,,0
,Vũ Quang Hiếu,hieu.vu200959@gmail.com,2009-06-23,MALE,,StudentPass@492,0
,Huỳnh Thanh Hạnh,,2011-05-05,FEMALE,,,0
,Phan Hữu Tùng,,2011-07-22,MALE,,,1000
,Võ Đức Tuấn,,2010-03-25,MALE,,,0
,Võ Thanh Nhung,,2008-12-15,FEMALE,,StudentPass@949,0
,Trần Đình Nam,,2010-02-15,MALE,0704975295,,0
,Ngô Ngọc Giang,giang.ngo200954@gmail.com,2009-04-26,FEMALE,,,5000
,Đào Diệu Dung,,2009-07-02,FEMALE,,StudentPass@986,2000
,Hồ Quỳnh Hà,,2010-11-14,FEMALE,0702561871,,0
,Lý Tuấn Vinh,,2008-12-03,MALE,,,0
,Hồ Phương Thảo,,2009-08-09,FEMALE,0893191007,,0
,Trần Thị Dung,,2011-01-04,FEMALE,0881011340,,0
,Đặng Ngọc Ly,,2008-11-12,FEMALE,0353777050,StudentPass@740,0
,Lê Tiến Hải,hai.le200885@gmail.com,2008-04-16,MALE,0358466983,StudentPass@812,0
,Ngô Tuyết Giang,,2011-02-08,FEMALE,,StudentPass@420,0
,Hoàng Anh Hưng,hung.hoang200893@gmail.com,2008-09-19,MALE,0984574477,,10000
,Lê Mai Giang,,2008-10-24,FEMALE,,,5000
,Đặng Trọng Bảo,,2010-04-17,MALE,0865958372,,0
,Phạm Đức Trí,,2008-09-01,MALE,,StudentPass@981,0
,Huỳnh Trọng Toàn,toan.huynh200843@gmail.com,2008-01-19,MALE,0907676912,,0
,Ngô Tuyết Phương,,2008-11-18,FEMALE,0916199374,StudentPass@308,0
,Hồ Kim Chi,,2010-12-14,FEMALE,,StudentPass@188,0
,Trần Quang Khang,khang.tran200811@gmail.com,2008-01-23,MALE,0989774573,,0
,Hoàng Tiến Nghĩa,,2008-01-11,MALE,0915411563,,0
,Đào Tuấn Dũng,,2011-10-06,MALE,0912934976,,0
,Nguyễn Phương Bích,,2011-06-13,FEMALE,0791593302,,0
,Vũ Hữu Phong,,2010-02-19,MALE,,,1000
,Dương Quang Phát,,2010-02-18,MALE,0976098752,,0
,Lý Phương Uyên,,2009-03-01,FEMALE,0896812025,,0
,Nguyễn Diệu Oanh,,2010-02-07,FEMALE,0882004872,,5000
,Vũ Hải Tâm,tam.vu201022@gmail.com,2010-08-24,MALE,,,0
,Hoàng Đức Nhân,,2010-06-26,MALE,,,0
,Phan Hoàng Vinh,,2008-03-04,MALE,,,0
,Dương Quang Hiếu,,2008-03-26,MALE,,,5000
,Vũ Tuấn Tài,,2008-11-10,MALE,,StudentPass@514,0
,Vũ Mai Thủy,thuy.vu200838@gmail.com,2008-03-04,FEMALE,0797720647,,0
,Võ Mai Ánh,,2008-04-21,FEMALE,0796562484,StudentPass@572,10000
,Hồ Anh Thắng,,2009-06-07,MALE,0883493621,StudentPass@734,0
,Đoàn Đình Dũng,dung.doan200835@gmail.com,2008-05-13,MALE,,,0
,Hồ Tuyết Ngọc,,2011-09-26,FEMALE,,,0
,Vũ Văn Nghĩa,,2008-08-17,MALE,,,2000
,Trần Trọng Long,,2011-06-27,MALE,0946335227,,0
,Đỗ Kim Vy,,2009-10-07,FEMALE,,,0
,Lê Văn Long,,2009-01-17,MALE,0324380011,,0
,Bùi Thị Ánh,,2009-10-23,FEMALE,,,0
,Hồ Quốc Hải,hai.ho201030@gmail.com,2010-05-11,MALE,,,0
,Huỳnh Tuyết Vân,,2010-04-22,FEMALE,0975941179,StudentPass@846,10000
,Bùi Trọng Long,,2008-08-05,MALE,0986360633,,0
,Bùi Quỳnh Anh,,2010-04-08,FEMALE,0702812519,,10000
