-- Combined seed data (users, contexts, characters, relations, documents, chat sessions)
-- Note: message rows were not provided in source files, so they are not included here.

-- 1) Users
INSERT INTO "historical_schema"."user" ("uid", "user_name", "email", "password", "role", "deleted_at") VALUES
                                                                                                           ('53ae6ae3-fdcd-4e41-bcc1-711989f5da7c', 'pthaodotcom', 'phuongthao2005daodao@gmail.com', '$2a$10$5TGk1cDsUi.8iRGL9U0x4Ors2..K0/MNfOB.bTxWULWikIlCWC1XK', 'CUSTOMER', null),
                                                                                                           ('687b57fe-865c-496a-83b3-f83690885dd1', 'STAFF1', 'user@historytalk.com', '$2a$10$dKXT/D53pTf3OjnpWwKtOuAf3HWkEL6qggrPVpRz3wuRa.unajzPy', 'STAFF', null),
                                                                                                           ('8e4cdce8-0c04-4e65-8b86-9bf3b14f93fb', 'thanh', 'thanh@gmail.com', '$2a$10$BvCrkFaXf8d2LKMkKzv5yOul5cv1cDYcMa.MSpJl0xsyzJpS9BVBC', 'CUSTOMER', null),
                                                                                                           ('a0000000-0000-0000-0000-000000000001', 'ADMIN1', 'admin@historytalk.com', '$2a$10$dKXT/D53pTf3OjnpWwKtOuAf3HWkEL6qggrPVpRz3wuRa.unajzPy', 'ADMIN', null),
                                                                                                           ('a0000000-0000-0000-0000-000000000002', 'STAFF_DEMO', 'staff@historytalk.com', '$2a$10$dKXT/D53pTf3OjnpWwKtOuAf3HWkEL6qggrPVpRz3wuRa.unajzPy', 'STAFF', null),
                                                                                                           ('a0000000-0000-0000-0000-000000000003', 'CUSTOMER_DEMO', 'demo@historytalk.com', '$2a$10$dKXT/D53pTf3OjnpWwKtOuAf3HWkEL6qggrPVpRz3wuRa.unajzPy', 'CUSTOMER', '2026-03-23 09:42:13.589635'),
                                                                                                           ('ae2352c6-704b-4125-978f-4ef4c80c3d4e', 'CUSTOMER1', 'customer@historytalk.com', '$2a$10$dKXT/D53pTf3OjnpWwKtOuAf3HWkEL6qggrPVpRz3wuRa.unajzPy', 'CUSTOMER', null),
                                                                                                           ('d9ce19a9-db7b-40a3-84fb-2088714d7647', 'Bao', 'doquocbao2009@gmail.com', '$2a$10$BAFpewqNI//a2rHmRiewHO0Jk1wv7f9DgS79uto6iWdWPZjKJky/.', 'STAFF', null),
                                                                                                           ('f25f568a-79fa-4c8b-b56c-069d9bc12eeb', 'Dinh', 'nguyensoi0966622100@gmail.com', '$2a$10$/8p3jqZJn4CYcKktjWqDbeh1aBrHCrRxzdfREB94siV.ph/vj5uzi', 'CUSTOMER', null)
    ON CONFLICT (email) DO UPDATE
                               SET
                                   uid = EXCLUDED.uid,
                               user_name = EXCLUDED.user_name,
                               password = EXCLUDED.password,
                               role = EXCLUDED.role,
                               deleted_at = EXCLUDED.deleted_at;

-- 2) Historical contexts
INSERT INTO "historical_schema"."historical_context" ("context_id", "before_tcn", "category", "created_at", "deleted_at", "description", "end_year", "era", "image_url", "location", "name", "start_year", "updated_at", "video_url", "year", "created_by", "is_draft") VALUES
                                                                                                                                                                                                                                                                            ('1b4f0e79-ae50-404e-a92f-725c1c93b818', true, 'WAR', '2026-03-23 22:15:31.916441', '2026-03-25 09:39:23.20239', 'newdescription', 0, 'ANCIENT', 'string', 'string', 'string', 0, '2026-03-25 09:39:24.423738', 'string', 0, 'd9ce19a9-db7b-40a3-84fb-2088714d7647', false),
                                                                                                                                                                                                                                                                            ('37c9e97c-0233-46b4-ae99-00047b897b51', true, 'WAR', '2026-03-24 12:37:18.377663', '2026-03-25 09:39:29.064405', 'testtesttesttesttesttesttesttesttesttesttesttesttesttesttesttesttesttesttesttesttesttesttesttesttesttesttesttesttesttesttest', 0, 'ANCIENT', 'string', 'string', 'VoDongDucKHai', 0, '2026-03-25 09:39:29.834221', 'string', 0, '687b57fe-865c-496a-83b3-f83690885dd1', false),
                                                                                                                                                                                                                                                                            ('6d132b53-56c5-4d23-8048-9926e701c7f5', false, 'WAR', '2026-03-25 03:07:30.627063', null, 'Trận chiến năm 1785 khi quân Tây Sơn do Nguyễn Huệ chỉ huy đánh bại quân Xiêm trên sông Tiền, bảo vệ chủ quyền của Đại Việt.', 1785, 'MEDIEVAL', 'https://file3.qdnd.vn/data/images/5/2023/06/28/tranhang/a3.jpg', 'Rạch Gầm – Xoài Mút, Tiền Giang, Việt Nam', 'Trận Rạch Gầm – Xoài Mút2', 1785, '2026-03-26 12:22:38.615479', 'https://www.youtube.com/watch?v=wREgKak9V9I', 1785, '687b57fe-865c-496a-83b3-f83690885dd1', false),
                                                                                                                                                                                                                                                                            ('a63aac83-feff-4f58-99ce-4093b5e9e403', false, 'WAR', '2026-03-24 12:56:12.62433', '2026-03-25 03:03:03.478602', 'Trận chiến năm 1785 khi quân Tây Sơn do Nguyễn Huệ chỉ huy đánh bại quân Xiêm trên sông Tiền, bảo vệ chủ quyền của Đại Việt.', 1785, 'MODERN', 'https://file3.qdnd.vn/data/images/5/2023/06/28/tranhang/a3.jpg', 'Rạch Gầm – Xoài Mút, Tiền Giang, Việt Nam', 'Trận Rạch Gầm – Xoài Mút', 1785, '2026-03-25 03:03:04.263366', 'https://www.youtube.com/watch?v=wREgKak9V9I', 1785, '687b57fe-865c-496a-83b3-f83690885dd1', false),
                                                                                                                                                                                                                                                                            ('b0000000-0000-0000-0000-000000000001', false, 'WAR', '2026-03-21 13:01:16.500784', null, 'Ba lần kháng chiến chống quân Nguyên Mông (1258, 1285, 1288) dưới triều đại nhà Trần là một trong những trang sử hào hùng nhất của dân tộc Việt Nam.', 1288, 'ANCIENT', 'https://photo.znews.vn/w660/Uploaded/mdf_nsozxd/2019_12_26/10.jpg', 'Đại Việt', 'Kháng chiến chống quân Nguyên Mông', 1258, '2026-03-24 14:32:28.709441', 'https://www.youtube.com/watch?v=AgcOKuAI-C8', 1258, 'd9ce19a9-db7b-40a3-84fb-2088714d7647', false),
                                                                                                                                                                                                                                                                            ('b0000000-0000-0000-0000-000000000002', false, 'WAR', '2026-03-21 13:01:16.500784', null, 'Chiến dịch Điện Biên Phủ (13/3 – 7/5/1954) là trận đánh quyết định kết thúc cuộc kháng chiến chống thực dân Pháp, mở ra kỷ nguyên mới cho dân tộc Việt Nam.', 1954, 'CONTEMPORARY', 'https://cdn.thuvienphapluat.vn//phap-luat/2022-2/TTL/280425/chien-thang-%C4%91bp-1.jpg', 'Điện Biên Phủ, Tây Bắc Việt Nam', 'Chiến thắng Điện Biên Phủ 1954', 1954, '2026-03-24 14:39:10.63008', 'https://www.youtube.com/watch?v=CD8sKixEDsI&t=2s', 1954, 'a0000000-0000-0000-0000-000000000002', false),
                                                                                                                                                                                                                                                                            ('b0000000-0000-0000-0000-000000000003', false, 'WAR', '2026-03-21 13:01:16.500784', '2026-03-25 09:40:13.656823', 'Cuộc khởi nghĩa của Hai Bà Trưng (năm 40) là cuộc khởi nghĩa đầu tiên trong lịch sử Việt Nam chống lại ách đô hộ của nhà Hán, giành lại độc lập trong 3 năm.', 43, 'ANCIENT', null, 'Mê Linh, Giao Chỉ', 'Khởi nghĩa Hai Bà Trưng', 40, '2026-03-25 09:40:14.893888', null, 40, 'a0000000-0000-0000-0000-000000000001', false),
                                                                                                                                                                                                                                                                            ('d99b373f-dde4-49e8-8c93-1f31d6e8b5e7', false, 'WAR', '2026-03-24 18:26:00.401582', null, 'Trận chiến năm 938 nơi Ngô Quyền đánh bại quân Nam Hán trên sông Bạch Đằng bằng chiến thuật cọc gỗ dưới lòng sông, mở ra thời kỳ độc lập lâu dài cho Việt Nam.', 939, 'MEDIEVAL', 'https://bachdanggiang.vn/wp-content/uploads/2019/12/su-kienls3-1.png', 'Sông Bạch Đằng, Quảng Ninh - Hải Phòng', 'Trận Bạch Đằng', 938, '2026-05-21 09:47:31.773958', 'https://www.youtube.com/watch?v=ZPIUuLtRUFY&t=4s', 938, '687b57fe-865c-496a-83b3-f83690885dd1', false)
    ON CONFLICT (name) DO UPDATE
                              SET
                                  context_id = EXCLUDED.context_id,
                              description = EXCLUDED.description,
                              image_url = EXCLUDED.image_url,
                              created_by = EXCLUDED.created_by;

-- 3) Characters
INSERT INTO "historical_schema"."character" ("character_id", "background", "deleted_at", "image_url", "name", "personality", "title", "created_by", "is_draft", "born_date", "death_date", "created_at", "updated_at") VALUES
                                                                                                                                                                                                                           ('1ad59495-ba3d-45c2-af63-5b2cd5777568', 'Nguyễn Huệ là vị tướng kiệt xuất của phong trào Tây Sơn. Ông đã chỉ huy quân Tây Sơn đánh bại quân Xiêm trong trận Rạch Gầm – Xoài Mút năm 1785, một trong những chiến thắng lớn trong lịch sử quân sự Việt Nam.', null, 'https://bna.1cdn.vn/2018/01/05/uploaded-thanhngabna-2018_01_06-_quang_trung729475_612018.jpg', 'Nguyễn Huệ', 'Mưu lược, quyết đoán, thiên tài quân sự và có khả năng chỉ huy xuất sắc.', 'Danh tướng phong trào Tây Sơn', '687b57fe-865c-496a-83b3-f83690885dd1', true, '1753-01-01', '1792-01-01', '2026-03-21 13:01:16.500784', '2026-03-21 13:01:16.500784'),
                                                                                                                                                                                                                           ('3373d7c8-e748-49a1-b126-4ef871b77419', 'string', '2026-03-25 09:39:23.20239', 'string', 'string', 'string', 'string', 'd9ce19a9-db7b-40a3-84fb-2088714d7647', false, null, null, '2026-03-21 13:01:16.500784', '2026-03-21 13:01:16.500784'),
                                                                                                                                                                                                                           ('55ae763f-2c8f-4918-bf31-b43566c3c355', 'Ngô Quyền là người chỉ huy trận Bạch Đằng năm 938, sử dụng chiến thuật cọc gỗ dưới lòng sông để đánh bại quân Nam Hán.', null, 'https://cdn.eva.vn/upload/4-2025/images/lienntt1/quiz240x160/1763541682-923-thumbnail-width679height453.jpg', 'Ngô Quyền', 'Quyết đoán, sáng tạo và yêu nước.', 'Vị vua khai sáng thời kỳ độc lập', '687b57fe-865c-496a-83b3-f83690885dd1', false, '0898-01-01', '0944-01-01', '2026-03-21 13:01:16.500784', '2026-03-21 13:01:16.500784'),
                                                                                                                                                                                                                           ('648348b7-7e45-459b-bf0b-22173cb3241c', 'test', '2026-03-25 09:39:29.064405', 'string', 'VoDongDucKhai', 'string', 'test', '687b57fe-865c-496a-83b3-f83690885dd1', false, null, null, '2026-03-21 13:01:16.500784', '2026-03-21 13:01:16.500784'),
                                                                                                                                                                                                                           ('bf5f5ad9-8b4e-49e8-8d77-398e48ded1f3', 'bối cảnh', '2026-03-25 09:40:13.656823', 'https://encrypted-tbn0.gstatic.com/images?q=tbn:ANd9GcRjG0iT2CHwqjrnnCdZSP2jEofAa5TZTfc7RCHi9STj_O9rlbJpx16xlBfs1T0s4EuhZLpO0KAi4JrykeG6rFlQtMfU2t98QsPTpfb7rIc&s=10', 'Ngô Quyền', 'Vui vẻ', 'Tiết Độ sứ', '687b57fe-865c-496a-83b3-f83690885dd1', false, '2004-01-01', null, '2026-03-21 13:01:16.500784', '2026-03-21 13:01:16.500784'),
                                                                                                                                                                                                                           ('c574276d-4063-436c-a5c1-6b9565c221b5', 'Nguyễn Huệ là vị tướng kiệt xuất của phong trào Tây Sơn. Ông đã chỉ huy quân Tây Sơn đánh bại quân Xiêm trong trận Rạch Gầm – Xoài Mút năm 1785, một trong những chiến thắng lớn trong lịch sử quân sự Việt Nam.', '2026-03-25 03:03:03.478602', 'https://bna.1cdn.vn/2018/01/05/uploaded-thanhngabna-2018_01_06-_quang_trung729475_612018.jpg', 'Nguyễn Huệ', 'Mưu lược, quyết đoán, thiên tài quân sự và có khả năng chỉ huy xuất sắc.', 'Danh tướng phong trào Tây Sơn', '687b57fe-865c-496a-83b3-f83690885dd1', false, '1753-01-01', '1792-01-01', '2026-03-21 13:01:16.500784', '2026-03-21 13:01:16.500784'),
                                                                                                                                                                                                                           ('d0000000-0000-0000-0000-000000000001', 'Trần Quốc Tuấn (1228–1300), tước Hưng Đạo Vương, là vị tướng tài ba đã ba lần đánh bại quân Nguyên-Mông xâm lược Đại Việt.', null, 'https://encrypted-tbn0.gstatic.com/images?q=tbn:ANd9GcQkDBZw0y1hpCDWLH4ZJOddL9fxoN-aQglxmw&s', 'Trần Hưng Đạo', 'Cương nghị, mưu lược, yêu nước, khoan dung', 'Quốc công Tiết chế', 'd9ce19a9-db7b-40a3-84fb-2088714d7647', false, '1228-01-01', '1300-01-01', '2026-03-21 13:01:16.500784', '2026-03-21 13:01:16.500784'),
                                                                                                                                                                                                                           ('d0000000-0000-0000-0000-000000000002', 'Trần Quốc Toản (1267–1285) là một thiếu niên anh hùng trong cuộc kháng chiến chống Nguyên lần thứ hai, nổi tiếng với lá cờ "Phá cường địch, báo hoàng ân".', null, 'https://encrypted-tbn0.gstatic.com/images?q=tbn:ANd9GcRwlvPyNaefXuqykWG-j-o62GGdzx8-Up2VrQ&s', 'Trần Quốc Toản', 'Dũng cảm, nhiệt huyết, trung thành', 'Hoài Văn Hầu', 'a0000000-0000-0000-0000-000000000002', false, '1267-01-01', '1285-01-01', '2026-03-21 13:01:16.500784', '2026-03-21 13:01:16.500784'),
                                                                                                                                                                                                                           ('d0000000-0000-0000-0000-000000000003', 'Đại tướng Võ Nguyên Giáp (1911–2013) là vị tướng huyền thoại, Tổng tư lệnh Quân đội Nhân dân Việt Nam, chỉ huy chiến thắng Điện Biên Phủ 1954.', null, 'https://vstatic.vietnam.vn/vietnam/resource/IMAGE/2025/8/25/0bfa178a4735448cba0ce9236438024b', 'Võ Nguyên Giáp', 'Thông minh, bình tĩnh, quyết đoán, nhân hậu', 'Đại tướng', 'a0000000-0000-0000-0000-000000000002', false, '1911-01-01', '2013-01-01', '2026-03-21 13:01:16.500784', '2026-03-21 13:01:16.500784'),
                                                                                                                                                                                                                           ('d0000000-0000-0000-0000-000000000004', 'Trưng Trắc (?–43) là nữ vương đầu tiên trong lịch sử Việt Nam, lãnh đạo cuộc khởi nghĩa chống nhà Hán năm 40, xưng vương và đóng đô tại Mê Linh.', '2026-03-25 09:40:13.656823', null, 'Trưng Trắc', 'Kiên cường, quả cảm, yêu nước, trọng nghĩa', 'Trưng Nữ Vương', 'a0000000-0000-0000-0000-000000000001', false, null, null, '2026-03-21 13:01:16.500784', '2026-03-21 13:01:16.500784');

-- 4) Character-HistoricalContext relations
INSERT INTO "historical_schema"."character_historical_context" ("character_id", "context_id") VALUES
                                                                                                  ('1ad59495-ba3d-45c2-af63-5b2cd5777568', '6d132b53-56c5-4d23-8048-9926e701c7f5'),
                                                                                                  ('3373d7c8-e748-49a1-b126-4ef871b77419', '1b4f0e79-ae50-404e-a92f-725c1c93b818'),
                                                                                                  ('55ae763f-2c8f-4918-bf31-b43566c3c355', 'd99b373f-dde4-49e8-8c93-1f31d6e8b5e7'),
                                                                                                  ('648348b7-7e45-459b-bf0b-22173cb3241c', '37c9e97c-0233-46b4-ae99-00047b897b51'),
                                                                                                  ('bf5f5ad9-8b4e-49e8-8d77-398e48ded1f3', 'b0000000-0000-0000-0000-000000000003'),
                                                                                                  ('c574276d-4063-436c-a5c1-6b9565c221b5', 'a63aac83-feff-4f58-99ce-4093b5e9e403'),
                                                                                                  ('d0000000-0000-0000-0000-000000000001', 'b0000000-0000-0000-0000-000000000001'),
                                                                                                  ('d0000000-0000-0000-0000-000000000002', 'b0000000-0000-0000-0000-000000000001'),
                                                                                                  ('d0000000-0000-0000-0000-000000000003', 'b0000000-0000-0000-0000-000000000002'),
                                                                                                  ('d0000000-0000-0000-0000-000000000004', 'b0000000-0000-0000-0000-000000000003');

-- 5) Documents (character + context)
INSERT INTO "historical_schema"."document" ("doc_id", "entity_id", "entity_type", "title", "file_url", "content", "document_type", "uploaded_by", "uploaded_date", "updated_date", "deleted_at") VALUES
                                                                                                                                                                                                     ('e0000000-0000-0000-0000-000000000001', 'd0000000-0000-0000-0000-000000000001', 'CHARACTER', 'Hịch tướng sĩ – Trần Hưng Đạo', null, 'Ta thường tới bữa quên ăn, nửa đêm vỗ gối; ruột đau như cắt, nước mắt đầm đìa; chỉ căm tức chưa xả thịt lột da, nuốt gan uống máu quân thù...', 'TEXT', 'a0000000-0000-0000-0000-000000000002', '2026-03-21 13:01:16.500784', null, '2026-03-23 15:50:29.653988'),
                                                                                                                                                                                                     ('e0000000-0000-0000-0000-000000000002', 'd0000000-0000-0000-0000-000000000003', 'CHARACTER', 'Tiểu sử Đại tướng Võ Nguyên Giáp', null, 'Võ Nguyên Giáp sinh ngày 25 tháng 8 năm 1911 tại làng An Xá, huyện Lệ Thủy, tỉnh Quảng Bình. Ông là một trong những vị tướng lỗi lạc nhất thế kỷ 20...', 'TEXT', 'a0000000-0000-0000-0000-000000000002', '2026-03-21 13:01:16.500784', null, '2026-03-24 14:39:09.629352'),
                                                                                                                                                                                                     ('04337983-60de-445e-8074-787860f1cc4e', '1b4f0e79-ae50-404e-a92f-725c1c93b818', 'CONTEXT', 'string', null, 'stringstri', 'TEXT', 'd9ce19a9-db7b-40a3-84fb-2088714d7647', '2026-03-23 23:16:04.082195', '2026-03-25 09:39:24.607753', '2026-03-25 09:39:23.20239'),
                                                                                                                                                                                                     ('c0000000-0000-0000-0000-000000000001', 'b0000000-0000-0000-0000-000000000001', 'CONTEXT', 'string', null, 'stringstri', 'MARKDOWN', 'a0000000-0000-0000-0000-000000000002', '2026-03-21 13:01:16.500784', '2026-03-23 23:14:20.167158', null),
                                                                                                                                                                                                     ('c0000000-0000-0000-0000-000000000002', 'b0000000-0000-0000-0000-000000000002', 'CONTEXT', 'Chiến dịch Điện Biên Phủ – 56 ngày đêm', null, 'Chiến dịch diễn ra trong 56 ngày đêm, chia làm 3 đợt tấn công. Đợt 1 (13-17/3): tiêu diệt cứ điểm Him Lam và Độc Lập...', 'TEXT', 'a0000000-0000-0000-0000-000000000002', '2026-03-21 13:01:16.500784', '2026-03-24 14:39:10.732034', '2026-03-24 14:39:09.629352'),
                                                                                                                                                                                                     ('c0000000-0000-0000-0000-000000000003', 'b0000000-0000-0000-0000-000000000003', 'CONTEXT', 'Hai Bà Trưng – Nữ vương đầu tiên', null, 'Trưng Trắc và Trưng Nhị là hai chị em, con gái Lạc tướng huyện Mê Linh. Năm 40, hai bà phất cờ khởi nghĩa tại cửa sông Hát...', 'TEXT', 'a0000000-0000-0000-0000-000000000001', '2026-03-21 13:01:16.500784', '2026-03-25 09:40:15.008361', '2026-03-25 09:40:13.656823');

-- 6) Chat sessions
INSERT INTO "historical_schema"."chat_session" ("session_id", "created_at", "deleted_at", "last_message_at", "title", "character_id", "context_id", "uid") VALUES
                                                                                                                                                               ('019fa516-c23a-4981-a71f-800aa112efd3', '2026-03-25 03:10:05.910755', null, null, '', 'd0000000-0000-0000-0000-000000000001', 'b0000000-0000-0000-0000-000000000001', 'ae2352c6-704b-4125-978f-4ef4c80c3d4e'),
                                                                                                                                                               ('0faa073e-6261-431d-86b1-b496f07b1412', '2026-03-25 03:13:33.131857', null, '2026-03-25 10:15:56.308179', 'Trần Quốc Toản chuẩn bị kháng chiến chống quân Nguyên', 'd0000000-0000-0000-0000-000000000002', 'b0000000-0000-0000-0000-000000000001', 'ae2352c6-704b-4125-978f-4ef4c80c3d4e'),
                                                                                                                                                               ('0fc54009-0125-4d84-a2b4-4b1f2d26e12c', '2026-03-24 11:13:45.798552', null, '2026-03-25 09:46:01.932914', 'Trần Quốc Toản rèn binh chống quân Nguyên', 'd0000000-0000-0000-0000-000000000002', 'b0000000-0000-0000-0000-000000000001', 'ae2352c6-704b-4125-978f-4ef4c80c3d4e'),
                                                                                                                                                               ('10000000-0000-0000-0000-000000000001', '2026-03-21 13:01:16.500784', null, '2026-03-21 13:01:16.500784', 'Trò chuyện với Trần Hưng Đạo', 'd0000000-0000-0000-0000-000000000001', 'b0000000-0000-0000-0000-000000000001', 'a0000000-0000-0000-0000-000000000003'),
                                                                                                                                                               ('10000000-0000-0000-0000-000000000002', '2026-03-21 13:01:16.500784', null, '2026-03-21 13:01:16.500784', 'Trò chuyện với Đại tướng Võ Nguyên Giáp', 'd0000000-0000-0000-0000-000000000003', 'b0000000-0000-0000-0000-000000000002', 'a0000000-0000-0000-0000-000000000003'),
                                                                                                                                                               ('222106f8-0fcf-4c65-bab8-c2a9ef1e8c3f', '2026-03-24 13:50:34.149034', '2026-03-25 03:03:03.478602', '2026-03-24 13:50:34.145848', '', 'c574276d-4063-436c-a5c1-6b9565c221b5', 'a63aac83-feff-4f58-99ce-4093b5e9e403', '687b57fe-865c-496a-83b3-f83690885dd1'),
                                                                                                                                                               ('2bdd0c3d-68e4-4c55-9d3b-4c6387ddcd8f', '2026-03-25 15:04:36.008177', null, '2026-03-25 15:04:36.007215', '', 'd0000000-0000-0000-0000-000000000001', 'b0000000-0000-0000-0000-000000000001', 'f25f568a-79fa-4c8b-b56c-069d9bc12eeb'),
                                                                                                                                                               ('3a9b6c24-3fd9-4c50-9411-064cb2adabc5', '2026-03-25 09:41:07.5313', null, '2026-03-25 09:41:07.529271', '', 'd0000000-0000-0000-0000-000000000001', 'b0000000-0000-0000-0000-000000000001', 'ae2352c6-704b-4125-978f-4ef4c80c3d4e'),
                                                                                                                                                               ('46fbc9a7-2687-499a-9118-57ff465a66e6', '2026-03-25 09:39:17.919469', null, '2026-03-25 09:43:38.163065', 'Ngô Quyền và tình hình đất nước trước Bạch Đằng', '55ae763f-2c8f-4918-bf31-b43566c3c355', 'd99b373f-dde4-49e8-8c93-1f31d6e8b5e7', 'ae2352c6-704b-4125-978f-4ef4c80c3d4e'),
                                                                                                                                                               ('6d235149-b6a4-4f4a-ba4e-8f73f3db4ea1', '2026-03-23 19:34:25.189992', '2026-03-25 09:40:13.656823', '2026-03-23 19:34:25.189479', '', 'd0000000-0000-0000-0000-000000000004', 'b0000000-0000-0000-0000-000000000003', 'ae2352c6-704b-4125-978f-4ef4c80c3d4e'),
                                                                                                                                                               ('6e1cfc8e-d481-4469-b0a5-6bf1fc5ddb47', '2026-03-26 08:06:16.883033', null, '2026-03-26 08:07:07.217693', 'Võ Nguyên Giáp: Vị tướng của dân tộc', 'd0000000-0000-0000-0000-000000000003', 'b0000000-0000-0000-0000-000000000002', '53ae6ae3-fdcd-4e41-bcc1-711989f5da7c'),
                                                                                                                                                               ('75e2b9be-47a7-4f6f-9ff6-c87e90bd9110', '2026-03-25 05:16:52.635365', '2026-03-25 09:40:13.656823', '2026-03-25 05:16:52.61037', '', 'd0000000-0000-0000-0000-000000000004', 'b0000000-0000-0000-0000-000000000003', 'ae2352c6-704b-4125-978f-4ef4c80c3d4e'),
                                                                                                                                                               ('7fecb68b-efb5-475c-b8d5-94854d8286a2', '2026-03-26 09:32:09.893438', null, '2026-03-26 09:32:09.892657', '', '55ae763f-2c8f-4918-bf31-b43566c3c355', 'd99b373f-dde4-49e8-8c93-1f31d6e8b5e7', 'f25f568a-79fa-4c8b-b56c-069d9bc12eeb'),
                                                                                                                                                               ('8ec6ad44-187e-40f3-bcdf-392dfc80c861', '2026-03-24 18:28:52.555143', null, '2026-03-25 04:20:23.997736', 'Ngô Quyền và kế sách cọc gỗ sông Bạch Đằng', '55ae763f-2c8f-4918-bf31-b43566c3c355', 'd99b373f-dde4-49e8-8c93-1f31d6e8b5e7', '687b57fe-865c-496a-83b3-f83690885dd1'),
                                                                                                                                                               ('8ed01cc5-d7db-41d9-9e7c-aa9d940a17aa', '2026-03-25 09:39:06.367475', null, '2026-03-25 09:39:06.334444', '', '55ae763f-2c8f-4918-bf31-b43566c3c355', 'd99b373f-dde4-49e8-8c93-1f31d6e8b5e7', 'ae2352c6-704b-4125-978f-4ef4c80c3d4e'),
                                                                                                                                                               ('902f6dbc-dc4a-42b6-8799-22e6a153883d', '2026-03-25 03:09:53.074188', null, null, '', 'd0000000-0000-0000-0000-000000000001', 'b0000000-0000-0000-0000-000000000001', 'ae2352c6-704b-4125-978f-4ef4c80c3d4e'),
                                                                                                                                                               ('9778c1ce-9c99-45bc-8be7-e638fa3e8780', '2026-03-24 14:34:39.436202', null, '2026-03-24 14:34:39.434608', '', 'd0000000-0000-0000-0000-000000000003', 'b0000000-0000-0000-0000-000000000002', '687b57fe-865c-496a-83b3-f83690885dd1'),
                                                                                                                                                               ('97f9c21b-2cac-4bc1-bc9b-425c8ce53f77', '2026-03-24 11:06:13.867814', null, '2026-03-24 11:06:55.647', 'Ba lần kháng chiến chống Nguyên Mông', 'd0000000-0000-0000-0000-000000000001', 'b0000000-0000-0000-0000-000000000001', 'ae2352c6-704b-4125-978f-4ef4c80c3d4e'),
                                                                                                                                                               ('9bc9b11a-61c0-4d2a-928f-8b837a41ab5b', '2026-05-20 16:39:10.672622', null, null, '', 'd0000000-0000-0000-0000-000000000003', 'b0000000-0000-0000-0000-000000000002', 'ae2352c6-704b-4125-978f-4ef4c80c3d4e'),
                                                                                                                                                               ('af7231d2-7fd3-42ff-b0bf-0c11a9f7f7da', '2026-03-25 03:09:05.638923', null, null, '', '1ad59495-ba3d-45c2-af63-5b2cd5777568', '6d132b53-56c5-4d23-8048-9926e701c7f5', '687b57fe-865c-496a-83b3-f83690885dd1'),
                                                                                                                                                               ('b09eed76-1566-4c63-bf90-8562ce315dc2', '2026-03-24 10:13:58.54908', '2026-03-25 09:39:23.20239', null, '', '3373d7c8-e748-49a1-b126-4ef871b77419', '1b4f0e79-ae50-404e-a92f-725c1c93b818', 'd9ce19a9-db7b-40a3-84fb-2088714d7647'),
                                                                                                                                                               ('b41768a7-1e4d-4287-8cb8-1244dec027aa', '2026-03-25 05:16:58.514527', '2026-03-25 09:40:13.656823', '2026-03-25 05:19:21.522196', 'Trưng Trắc hy sinh giữ khí tiết dân tộc', 'd0000000-0000-0000-0000-000000000004', 'b0000000-0000-0000-0000-000000000003', 'ae2352c6-704b-4125-978f-4ef4c80c3d4e'),
                                                                                                                                                               ('b525928b-1270-41af-8ebb-2594599f370b', '2026-03-24 14:34:10.285938', null, '2026-03-24 14:34:10.282461', '', 'd0000000-0000-0000-0000-000000000002', 'b0000000-0000-0000-0000-000000000001', '687b57fe-865c-496a-83b3-f83690885dd1'),
                                                                                                                                                               ('bfd098b0-0c78-49f4-bd9a-186c6ad86661', '2026-03-25 15:00:22.521908', null, '2026-03-26 09:33:36.029215', 'Tình cảm với Võ Nguyên Giáp', 'd0000000-0000-0000-0000-000000000003', 'b0000000-0000-0000-0000-000000000002', 'f25f568a-79fa-4c8b-b56c-069d9bc12eeb'),
                                                                                                                                                               ('c0000000-0000-0000-0000-000000000002', '2026-03-20 10:52:10', null, null, null, 'd0000000-0000-0000-0000-000000000001', 'b0000000-0000-0000-0000-000000000001', 'd9ce19a9-db7b-40a3-84fb-2088714d7647'),
                                                                                                                                                               ('d6201244-1788-420f-b22a-53c9e4029d58', '2026-03-24 10:22:49.551844', '2026-03-25 09:39:23.20239', null, '', '3373d7c8-e748-49a1-b126-4ef871b77419', '1b4f0e79-ae50-404e-a92f-725c1c93b818', 'ae2352c6-704b-4125-978f-4ef4c80c3d4e'),
                                                                                                                                                               ('db12bbea-dd8e-4c59-9881-f7c9b3ad19d7', '2026-05-22 12:32:26.531664', null, null, '', '55ae763f-2c8f-4918-bf31-b43566c3c355', 'd99b373f-dde4-49e8-8c93-1f31d6e8b5e7', '8e4cdce8-0c04-4e65-8b86-9bf3b14f93fb'),
                                                                                                                                                               ('ea46b7fa-383b-468e-b332-b47097f00d7a', '2026-03-25 12:37:06.393183', null, '2026-03-27 12:11:09.936658', 'Ngô Quyền và chiến thắng Bạch Đằng lịch sử', '55ae763f-2c8f-4918-bf31-b43566c3c355', 'd99b373f-dde4-49e8-8c93-1f31d6e8b5e7', 'ae2352c6-704b-4125-978f-4ef4c80c3d4e'),
                                                                                                                                                               ('f362a0a2-383b-476a-9be7-4b007864018d', '2026-03-26 08:02:08.541556', null, '2026-03-26 10:00:49.110644', 'Ngô Quyền giới thiệu và hỏi thăm', '55ae763f-2c8f-4918-bf31-b43566c3c355', 'd99b373f-dde4-49e8-8c93-1f31d6e8b5e7', '53ae6ae3-fdcd-4e41-bcc1-711989f5da7c'),
                                                                                                                                                               ('fafe2690-ccd9-4179-8a91-1ca608f1456b', '2026-03-24 08:48:24.261164', null, null, '', 'd0000000-0000-0000-0000-000000000001', 'b0000000-0000-0000-0000-000000000001', '687b57fe-865c-496a-83b3-f83690885dd1');